middle_notes,Count
Jasmine,281
Rose,166
Geranium,86
Tuberose,57
Lavender,56
Orange Blossom,52
Iris,50
Violet,46
Cardamom,45
Ylang-Ylang,44
Patchouli,44
Sage,43
Nutmeg,41
Gardenia,40
Cedar,37
Peony,36
Lily-of-the-valley,36
Cinnamon,35
Peach,31
Vetiver,31
Sandalwood,31
Carnation,29
Lily,28
Coriander,27
Freesia,26
Orchid,24
Pepper,24
Bulgarian Rose,24
Ginger,24
Magnolia,23
Musk,22
Lily Of The Valley,21
Apple,21
Clary Sage,19
Heliotrope,19
Neroli,19
Vanilla,19
Honeysuckle,19
Rosemary,18
Basil,17
Orris Root,17
Honey,16
Ylang-ylang,15
Violet Leaf,15
Jasmine Sambac,15
Lotus,15
Cyclamen,14
Incense,14
Amber,13
Tiare Flower,13
Pink Pepper,13
African Orange Flower,13
Black Pepper,12
Narcissus,12
Cloves,12
Osmanthus,12
Orris,10
jasmine,10
Wild Jasmine,10
Lilac,10
Pineapple,9
Tonka Bean,9
geranium,9
Black Currant,9
Brazilian Rosewood,8
Caraway,8
Hyacinth,8
Orange Flower,8
Turkish Rose,8
Cypress,8
rose,8
Black Basil,7
Woody,7
Oakmoss,7
Birch,6
Muguet,6
Watermelon,6
Pear,6
cinnamon,6
Leather,6
Coffee,6
Jasmin,6
Ylang Ylang,5
heliotrope,5
Orange Tree Blossom,5
Mimosa,5
Pelargonium,5
Jasmine Petals,5
Water Lily,5
Petitgrain,5
Water Notes,5
Floral,5
Sugar,5
Green Notes,5
Violet Leaves,5
Ambroxan,5
Cumin,5
lily of the valley,5
Olibanum,5
Coumarin,5
Red Lily,5
Guatemalan Cardamom,5
Watery Notes,5
Sea Notes,4
Thyme,4
Pink Honeysuckle,4
Juniper Berries,4
Almond,4
Passionfruit,4
Saffron,4
Spicy Notes,4
Musky,4
Intensively Clean,4
Teak Wood,4
Licorice,4
iris,4
Chrysanthemum,4
Pine Tree Needles,4
patchouli,4
Lemon Blossom,4
Sambac Jasmine,4
Plum,4
Pimento,4
Sweet Jasmine,4
Papyrus,4
Reseda,4
Grapefruit Blossom,4
Verbena,4
Spicy,4
Wild Rose,4
Elemi,4
Melon,4
Flowers,4
White Peach,3
Sichuan Pepper,3
Black Orchid,3
Coconut,3
Ambergris,3
Dried Fruit,3
Bourbon Vetiver,3
Fruity,3
Milk,3
Frangipani,3
Cassis,3
sage,3
Apricot,3
Water Jasmine,3
Orange,3
Cedar Wood,3
Majorjam,3
Laurels,3
marigold,3
Blue Hyacinth,3
Peach Blossom,3
Juniper,3
Pink Freesia,3
Floral Rhythm Of Peony,3
Fir,3
Pine Tree,3
Myrrh,3
Red Apple,3
Cotton Candy,3
Pine,3
Patchouli Leaves,3
Hazelnut,3
Floral Notes,3
Spices,3
Freesia Flowers,3
Water,3
Cacao Pod,3
carnation,3
Hibiscus Seed,3
Woody-Floral,3
Golden Quince,3
Raspberry,3
Cherry,3
gardenia,3
Strawberry,3
Rose Absolute,3
Stephanotis,3
Anise,3
Green Grass,3
Orange blossom,2
South American Pimento,2
Warm Spices Of Wild Aromatic Black Sesame,2
Muget,2
White Chocolate Orchid,2
Pine tree,2
Lavandin,2
freesia,2
Rose Hip,2
Ylang,2
Warm Sandalwood.,2
saffron,2
Mint,2
Night Queen Flower,2
Orange Blossoms,2
Lemon,2
Bergamot,2
Lemongrass,2
Nerium Oleander,2
bay leaves,2
Natural Rose Absolute,2
Jasmine Dry,2
Damask Rose,2
Hiacynth,2
Mandarin Orange,2
White Flowers,2
mimosa,2
Rose Tuberose,2
Powdery Iris,2
Tea Rose,2
Cashmirwood,2
Violaciocca Flower,2
Clove,2
Slice Of Apple,2
Hot Ginger,2
Chilled Vodka,2
Star Anise,2
Lotus Flower,2
Lily of the Valley,2
Ginger Flower,2
apple,2
Citric,2
narcissus,2
Amaryllis,2
Mexican Tuberose,2
Yellow Plum,2
Champaca Flower,2
Haiti Vetiver,2
White Rose,2
Plumeria,2
Cassia,2
Green Leaves,2
cardamom,2
juniper berries,2
Praline,2
Chinese Osmanthus,2
Elegant Jasmine,2
violet,2
Labdanum,2
Ylang-Ylan,2
Red Berries,2
muguet,2
Iso E Super,2
Tobacco,2
Hay,2
Moepel Accord,2
Bran,2
Tahitian Tiare Flowers,2
Fruity Notes,2
Chamomile,2
Blackberry,2
Soft Peony,2
bergamot,2
Butterfly Violets,2
Crisp Green Notes,2
Citrus Orchards,2
Roses,2
Kiwi,2
Ginger Lily,2
Grapefruit,2
Maninka Fruit,2
Blackcurrant,2
Clementine,2
Agarwood,2
Galbanum,2
Wood,2
Ceylon Tea,2
elemi,2
pepper,2
,2
Teakwood,2
Bluebell,2
Spicy Coriander,2
lavender,2
dried fruits,2
Grapefruit Zests,2
tarragon,2
Exotic Woods,2
Egyptian Musk,2
ylang,2
jasmin,2
Animalistic Floral,2
orris,2
Ambregris Accord,2
Caramel,2
Rosewood,2
Jasmine Absolute,2
Cranberry,2
raspberry,2
Vanille,1
Olive Flower Spiced With Star Anise,1
Tiare Lily,1
African Geranium,1
guaiac wood,1
Quince,1
incense,1
Juniperberry,1
Lebanese Cedar,1
Charismatic Virility Of A Cedarwood,1
Living Patchouli Flower,1
Root,1
Turkish,1
Guaiac Tree,1
Sea notes,1
Burning Oud,1
Plums,1
Ceylon Cinnamon,1
Living Osmanthus Flower,1
Rum,1
cypress,1
Delightfully Sweet Ylang-Ylang,1
petitgrain,1
Shaving Soap,1
Flowers Herb Shepherd,1
juniper,1
Balsam Fir,1
lili of the valley,1
Cashmere,1
Indian Jasmine,1
Delicate Musk Fragrance,1
Floral Bouquet,1
Pineapple Flower,1
Guatemalan cardamom,1
Fleur De Lys,1
lily,1
Fruity-Gourmand,1
bakhoor,1
Virginia Cedar,1
Grenadine,1
Oakmoss Fused With Geranium,1
Rose Damascena Essence,1
Dark Plum,1
Iris Root,1
white Fennel,1
Pear Wood,1
coriander,1
a Hint of Fresh Clementine Zest,1
Benzoin,1
Lily-of-the valley,1
Hedione,1
Violet Sandalwood,1
Bay Leaf,1
Marine,1
Whiskey,1
Litchi,1
mint,1
Comprise,1
Lily of The Valley,1
Sweet Fruity Raspberry Nuance,1
Floral Harmony of Magnolia,1
White Wood,1
Bourbon Pepper,1
Rose Geranium,1
Vanilla Flowers,1
Peony Tiare,1
Mexican chocolate,1
Bitter Almond,1
Creamy,1
Haitian Vetiver,1
Jasmine In An Alliance With Hibiscus Blossom,1
White Jasmine,1
Dewy English Roses,1
Tuber Rose,1
Wormwood Cashmere Wood,1
Marine Notes,1
Black Violet,1
Coca Flower,1
Olive Blossom,1
Green Apple,1
Rose Petals,1
Salt,1
Paco Rabanne Olympea,1
White Florals,1
Lavender Extract,1
Moroccan Jasmine,1
Clementine Zest,1
Plam Tree,1
Floral Petal,1
Spicy Sensuality - Green Pepper,1
Subtle,1
Accords of Wild Strawberry,1
Iris.,1
sichuan pepper,1
Red Pepper,1
Tea,1
Carrot,1
Wisteria,1
Woody Of Oakmoss,1
Davana,1
Neroli Absolute,1
May rose,1
Flower,1
African Violet,1
bamboo,1
Styrax,1
Black Leather,1
Big Strawberry,1
Lovely Vanilla,1
Floral Spicy,1
Evergreen Cypress,1
Walnut,1
Sicilian Lemon,1
Pine Apple,1
White Honey,1
Sunflower,1
Jasmin Sambac,1
Mauritanian Red Pepper,1
Indian Ginger,1
Sichaun Pepper,1
Moroccan Rose,1
Hibiscus Seeds,1
Rose Orange Blossom,1
Lantana Flower,1
Chinese Rose,1
Sun Rose,1
Cardamom With Black Tea Leaves,1
Rose Water,1
Wild violet,1
Orange Blossom Extract,1
elegant lily flower,1
Essences of rare,1
Orrange Blossom,1
Jasmine Tea,1
Agarwood (Oud),1
Lotus Blossom,1
Woody Notes,1
Frangipani Flower,1
White Gardenia,1
Pink,1
African orange,1
Lily-of-the-valley Rose,1
Bamboo,1
Ylang -ylang,1
Damascus Plum,1
Asphalt,1
Star Apple,1
Violet Jasmine,1
Lily Peony,1
Mirabelle Plum,1
Cistus,1
False Jasmine,1
Luscious Narcissus,1
Night-Blooming Jasmine,1
Black Peony,1
Intoxicating Seductress Rose,1
Unexpected Carrot,1
ylang-ylang,1
White flowers,1
Cinnamon Spices,1
Magnoli,1
Indian Tuberose,1
Bulgarian Pink Violet,1
Cranberries,1
Tarragon,1
Black Opium Coffee,1
Orange Blossom Absolute,1
Uity Red Currant Blossoms,1
Salted Vanilla,1
Redolent with Cyclamen,1
White Musk,1
Calone,1
pink pepper,1
sichuan,1
Cold Woodsy Iris,1
Orange Flower Absolute,1
Golden Osmanthus Petals,1
Spicy Notes Of Carnation,1
gardenia lily of the valley,1
magnolia,1
tuberose,1
Green apple,1
Rose petals,1
Jasmine In An Alliance with Hibiscus Blossom,1
Peach Nectar,1
Candied Rose,1
Carrot Seeds,1
Sunflower Seed,1
Luminous Orange Blossom,1
Elemi Resin,1
Patchouli Heart,1
Rose Hip Red Cyclamen,1
Nectarine,1
Violet Root,1
Guaiac wood,1
Oud,1
Lavender Sage,1
Dried Fruits,1
Fir Tree,1
Rice,1
Almond Powder,1
Cupcakes,1
Strawberries,1
Delicate Bulgarian Rose,1
Cedarwood,1
Milky Sandalwood,1
Soft,1
Amber Nuanced Clary Sage,1
Mimose,1
Chinese Cedar,1
Jacaranda Wood,1
Sweet Napolitano Cake,1
Gaiak Wood,1
Shepherd,1
Sambac Jasmine Absolute,1
Red Fruits,1
Cardomon,1
White Pepper,1
Exotic,1
Distinct,1
Ylang Ylang Extra-Comoros,1
Casablanca Lily,1
Osmanthus Flower,1
Blue Coral Aquaspace Accord,1
Raspberry Vilolet,1
Tea Accord,1
Tonka,1
Honey Suckle,1
Ceadarwood,1
Granny Smith Apple,1
Fruits,1
Roasted Almonds,1
Flower Of Love,1
Small Coconut,1
Nutmeg Oil,1
Birch Leaf,1
Chinee Jasmine,1
Honeysuckles,1
Flower Petals,1
White Muguet,1
cinnamon bark,1
Rose absolute,1
Tropical Fruits,1
Fishing,1
Pimiento,1
Seductive Tuberose,1
Arabic Jasmine,1
Dried Fruits.,1
Carambola,1
orchid,1
Rose De Mai Indian,1
Cactus Flowers,1
Leather notes,1
Agar,1
Lemd De Santal,1
Creamy Honey,1
Turkish Rose Gardenia Cyclamen,1
Essence Of Birch,1
Hibiscus,1
White Heliotrope,1
Vegetal Amber,1
White Freesia,1
Caribbean Magnolia,1
Blue Orris Accord,1
Raspberry Leaf,1
Blossom Peach,1
Kiwano,1
Agave Nectar,1
Marine Ambergris,1
Genisteae,1
Range Blossom,1
Floral Accent,1
Nashi,1
Pink Peony,1
Oud wood,1
dry birch,1
Indian Sambac Jasmine,1
Moroccan jasmine,1
Gardenias,1
Lychee,1
Apple Blossom,1
Wild Hyacinth,1
Tubereuse,1
Jasmine Trace,1
Blackberry Are Softened With Delicate Violet,1
Maninka,1
Lebanese Blue Cedar,1
Musks,1
Coral Jasmine,1
spicy coriander,1
carrot,1
Chinese Jasmine,1
Lavenday,1
spicy notes,1
Tanzanian Black Pepper,1
Aromatic Accords,1
Princess lily,1
Moss,1
Rooibos Tea Extract (red Bush Tea),1
Amyris,1
orange blossom,1
Red Rose,1
Danmask Rose,1
Mahonial,1
Pineapple Leaf,1
Orange Bloosm,1
Magnalio,1
lotus,1
Bourbon Geranium,1
Ylang - Ylang,1
Almond Blossom,1
Haitian,1
Cuddly Aromas,1
Warm,1
Aromatic Accords ‚Äì Sichuan Pepper,1
Sea Notes Mixed With Spices,1
Ozonic Notes,1
Smoky Leather,1
Rose Petal Accord,1
Rose Absolu,1
Driftwood,1
Silver Sage,1
Resinous Cardamom,1
Lively Black Basil,1
Ambrofix,1
Frankincense,1
Lebanese Neroli,1
Opoponax,1
Bulgarian Rose Absolute,1
Turkish Rose Absolute,1
Cupcake,1
Cashmere Wood,1
Orris Concrete,1
Egyptian Jasmine,1
Rose de Mai,1
Papyrus Wood,1
Seaweed,1
Daffodil,1
Arum Lily,1
exotic amethyst freesia,1
muguet petals,1
Broom Flower),1
Pearlescent Flower Accord (magnolia,1
Red Currant Blossom,1
Luxurious Notes of Whiskey,1
Crisp Green Apple,1
Cool Eucalyptus,1
Ozonic Tones With Geranium,1
Candied Fruits,1
Guaiac Wood,1
